"num_cloudlets","solve_time"
"42","5.0"
"34","5.0"
"102","5.0"
"42","5.0"
"36","5.0"
"43","5.0"
"40","5.0"
"40","5.0"
"45","5.0"
"41","5.0"
"25","5.0"
"40","5.0"
"45","5.0"
"46","5.0"
"39","5.0"
"42","5.0"
"35","5.0"
"45","5.0"
"43","5.0"
"36","5.0"
"39","5.0"
"43","5.0"
"35","5.0"
"45","5.0"
"39","5.0"
"44","5.0"
"37","5.0"
"39","5.0"
"37","5.0"
"45","5.0"
"45","5.0"
"41","5.0"
"39","5.0"
"44","5.0"
"45","5.0"
"42","5.0"
"35","5.0"
"26","5.0"
"45","5.0"
"36","5.0"
"41","5.0"
"33","5.0"
"45","5.0"
"45","5.0"
"40","5.0"
"36","5.0"
"38","5.0"
"40","5.0"
"39","5.0"
"46","5.0"
"44","5.0"
"40","5.0"
"38","5.0"
"45","5.0"
"43","5.0"
"43","5.0"
"37","5.0"
"45","5.0"
"43","5.0"
"44","5.0"
"46","5.0"
"31","5.0"
"39","5.0"
"36","5.0"
"48","5.0"
"26","5.0"
