"queueId","taskId"
"0","0"
"0","1"
"0","2"
"0","3"
"0","4"
"0","6"
"0","8"
"0","10"
"0","11"
"0","12"
"0","13"
"0","15"
"0","16"
"0","17"
"0","18"
"0","19"
"0","21"
"0","22"
"0","23"
"0","24"
"0","25"
"0","26"
"0","27"
"0","28"
"1","30"
"1","31"
"1","32"
"1","33"
"1","34"
"1","35"
"1","36"
"1","37"
"1","39"
"1","41"
"1","42"
"1","43"
"1","44"
"1","45"
"1","46"
"1","47"
"1","48"
"1","49"
"1","50"
"1","52"
"1","55"
"1","56"
"1","57"
"1","59"
"2","60"
"2","62"
"2","63"
"2","64"
"2","65"
"2","66"
"2","67"
"2","69"
"2","70"
"2","71"
"2","72"
"2","73"
"2","74"
"2","76"
"2","77"
"2","79"
"2","80"
"2","82"
"2","83"
"2","84"
"2","86"
"2","87"
"2","88"
"2","89"
"2","90"
"2","91"
"3","92"
"3","94"
"3","95"
"3","96"
"3","98"
"3","100"
"3","101"
"3","102"
"3","103"
"3","104"
"3","106"
"3","108"
"3","109"
"3","110"
"3","111"
"3","112"
"3","113"
"3","114"
"3","115"
"3","117"
"3","118"
"3","119"
"3","120"
"3","121"
"3","122"
"3","124"
"3","126"
"3","127"
"3","128"
"3","129"
"4","131"
"4","132"
"4","134"
"4","137"
"4","138"
"4","139"
"4","140"
"4","141"
"4","142"
"4","144"
"4","145"
"4","147"
"4","148"
"4","149"
"4","150"
"4","151"
"4","152"
"4","153"
"4","154"
"4","155"
"4","156"
"4","158"
"4","159"
"4","160"
"4","161"
"5","163"
"5","164"
"5","165"
"5","166"
"5","167"
"5","170"
"5","171"
"5","172"
"5","173"
"5","175"
"5","176"
"5","177"
"5","178"
"5","179"
"5","180"
"5","181"
"5","182"
"5","184"
"5","185"
"5","186"
"5","187"
"5","188"
"5","189"
"5","190"
"5","191"
"5","192"
"5","194"
"5","195"
"5","196"
"5","197"
"5","198"
"6","199"
"6","200"
"6","201"
"6","202"
"6","204"
"6","205"
"6","206"
"6","207"
"6","208"
"6","209"
"6","212"
"6","213"
"6","214"
"6","215"
"6","216"
"6","217"
"6","218"
"6","219"
"6","220"
"6","222"
"6","223"
"6","224"
"6","225"
"6","228"
"7","229"
"7","231"
"7","232"
"7","233"
"7","234"
"7","235"
"7","236"
"7","237"
"7","238"
"7","239"
"7","240"
"7","242"
"7","243"
"7","245"
"7","246"
"7","247"
"7","248"
"7","249"
"7","250"
"7","251"
"7","252"
"7","253"
"7","254"
"7","255"
"7","257"
"7","259"
"7","260"
"7","261"
"7","262"
"7","263"
"7","264"
"7","265"
"8","266"
"8","268"
"8","269"
"8","270"
"8","271"
"8","272"
"8","273"
"8","274"
"8","275"
"8","276"
"8","277"
"8","279"
"8","280"
"8","281"
"8","282"
"8","283"
"8","284"
"8","285"
"8","286"
"8","287"
"8","288"
"8","289"
"8","291"
"8","294"
"8","295"
"8","296"
"9","297"
"9","298"
"9","300"
"9","301"
"9","303"
"9","304"
"9","305"
"9","306"
"9","307"
"9","308"
"9","309"
"9","310"
"9","311"
"9","313"
"9","314"
"9","315"
"9","316"
"9","317"
"9","318"
"9","319"
"9","321"
"9","322"
"9","323"
"9","324"
"9","325"
"9","326"
"10","327"
"10","328"
"10","329"
"10","330"
"10","331"
"10","332"
"10","333"
"10","334"
"10","335"
"10","336"
"10","337"
"10","338"
"10","339"
"10","340"
"10","341"
"10","343"
"10","344"
"10","345"
"10","347"
"10","348"
"10","349"
"10","351"
"10","352"
"10","353"
"10","354"
"10","355"
"10","357"
"10","358"
"10","359"
"10","360"
"10","361"
"11","362"
"11","365"
"11","366"
"11","367"
"11","368"
"11","369"
"11","370"
"11","371"
"11","373"
"11","374"
"11","375"
"11","376"
"11","379"
"11","380"
"11","381"
"11","382"
"11","383"
"11","384"
"11","385"
"11","386"
"11","387"
"11","388"
"11","389"
"11","390"
"11","391"
"11","392"
"12","393"
"12","394"
"12","395"
"12","397"
"12","398"
"12","399"
"12","401"
"12","402"
"12","403"
"12","404"
"12","405"
"12","406"
"12","407"
"12","408"
"12","409"
"12","410"
"12","411"
"12","412"
"12","413"
"12","414"
"12","415"
"12","416"
"12","418"
"12","419"
"12","420"
"12","421"
"12","422"
"13","423"
"13","424"
"13","425"
"13","426"
"13","428"
"13","430"
"13","431"
"13","432"
"13","434"
"13","437"
"13","439"
"13","440"
"13","441"
"13","442"
"13","443"
"13","444"
"13","445"
"13","447"
"13","448"
"13","449"
"13","450"
"13","451"
"13","452"
"14","453"
"14","454"
"14","456"
"14","457"
"14","458"
"14","460"
"14","461"
"14","462"
"14","463"
"14","464"
"14","465"
"14","466"
"14","467"
"14","468"
"14","469"
"14","470"
"14","472"
"14","473"
"14","475"
"14","476"
"14","477"
"14","478"
"14","480"
"14","481"
"14","483"
"14","484"
"15","485"
"15","486"
"15","487"
"15","488"
"15","489"
"15","490"
"15","492"
"15","493"
"15","494"
"15","495"
"15","496"
"15","497"
"15","498"
"15","499"
"15","500"
"15","501"
"15","502"
"15","503"
"15","504"
"15","505"
"15","506"
"15","507"
"15","508"
"15","509"
"15","510"
"15","511"
"15","512"
"15","514"
"15","515"
"15","517"
"15","518"
"15","519"
"16","521"
"16","522"
"16","523"
"16","524"
"16","525"
"16","526"
"16","527"
"16","528"
"16","529"
"16","530"
"16","531"
"16","532"
"16","533"
"16","534"
"16","535"
"16","536"
"16","537"
"16","538"
"16","539"
"16","540"
"16","541"
"16","542"
"16","543"
"16","544"
"16","545"
"16","546"
"16","547"
"16","549"
"17","550"
"17","551"
"17","552"
"17","553"
"17","555"
"17","556"
"17","557"
"17","558"
"17","559"
"17","560"
"17","561"
"17","562"
"17","563"
"17","564"
"17","566"
"17","567"
"17","568"
"17","569"
"17","571"
"17","572"
"17","574"
"17","575"
"17","576"
"17","577"
"17","578"
"17","579"
"18","581"
"18","582"
"18","583"
"18","584"
"18","585"
"18","586"
"18","588"
"18","589"
"18","591"
"18","592"
"18","593"
"18","594"
"18","595"
"18","596"
"18","597"
"18","598"
"18","599"
"18","601"
"18","602"
"18","605"
"18","606"
"18","607"
"18","608"
"18","609"
"19","611"
"19","612"
"19","613"
"19","614"
"19","615"
"19","616"
"19","617"
"19","618"
"19","619"
"19","620"
"19","621"
"19","622"
"19","623"
"19","624"
"19","625"
"19","627"
"19","628"
"19","630"
"19","631"
"19","632"
"19","633"
"19","634"
"19","635"
"19","636"
"19","637"
"19","639"
"19","640"
"20","641"
"20","642"
"20","643"
"20","644"
"20","645"
"20","646"
"20","647"
"20","648"
"20","649"
"20","652"
"20","653"
"20","654"
"20","655"
"20","656"
"20","658"
"20","659"
"20","660"
"20","662"
"20","663"
"20","664"
"20","665"
"20","666"
"20","667"
"20","670"
"20","671"
"20","672"
"21","673"
"21","674"
"21","676"
"21","677"
"21","678"
"21","679"
"21","680"
"21","681"
"21","682"
"21","683"
"21","685"
"21","686"
"21","687"
"21","688"
"21","689"
"21","690"
"21","692"
"21","693"
"21","694"
"21","695"
"21","696"
"21","698"
"21","699"
"21","700"
"21","701"
"22","703"
"22","704"
"22","706"
"22","707"
"22","709"
"22","710"
"22","712"
"22","713"
"22","714"
"22","716"
"22","717"
"22","718"
"22","719"
"22","720"
"22","721"
"22","722"
"22","723"
"22","724"
"22","725"
"22","727"
"22","728"
"22","729"
"22","730"
"22","731"
"22","732"
"22","734"
"22","735"
"22","736"
"22","737"
"23","738"
"23","739"
"23","741"
"23","743"
"23","745"
"23","746"
"23","747"
"23","748"
"23","749"
"23","750"
"23","751"
"23","752"
"23","754"
"23","755"
"23","756"
"23","757"
"23","758"
"23","759"
"23","760"
"23","762"
"23","764"
"23","765"
"23","766"
"23","767"
"23","768"
"23","769"
"24","770"
"24","771"
"24","773"
"24","775"
"24","776"
"24","777"
"24","778"
"24","779"
"24","781"
"24","782"
"24","783"
"24","785"
"24","786"
"24","787"
"24","788"
"24","789"
"24","790"
"24","791"
"24","792"
"24","794"
"24","795"
"24","797"
"24","798"
"24","799"
"25","800"
"25","801"
"25","802"
"25","803"
"25","804"
"25","806"
"25","808"
"25","809"
"25","810"
"25","812"
"25","813"
"25","815"
"25","816"
"25","817"
"25","819"
"25","820"
"25","821"
"25","822"
"25","823"
"25","824"
"25","825"
"25","827"
"25","828"
"25","829"
"25","831"
"25","832"
"26","833"
"26","834"
"26","835"
"26","836"
"26","837"
"26","838"
"26","839"
"26","840"
"26","842"
"26","843"
"26","844"
"26","847"
"26","848"
"26","849"
"26","850"
"26","851"
"26","855"
"26","857"
"26","858"
"26","859"
"26","860"
"26","861"
"26","862"
"26","864"
"27","865"
"27","867"
"27","868"
"27","869"
"27","870"
"27","871"
"27","873"
"27","874"
"27","875"
"27","876"
"27","877"
"27","878"
"27","879"
"27","881"
"27","882"
"27","884"
"27","885"
"27","887"
"27","888"
"27","890"
"27","891"
"27","892"
"27","893"
"27","894"
"27","896"
"28","897"
"28","898"
"28","900"
"28","901"
"28","902"
"28","904"
"28","905"
"28","906"
"28","908"
"28","911"
"28","912"
"28","914"
"28","915"
"28","916"
"28","917"
"28","918"
"28","919"
"28","920"
"28","921"
"28","922"
"28","923"
"28","924"
"28","925"
"28","927"
"28","928"
"29","930"
"29","932"
"29","933"
"29","934"
"29","935"
"29","937"
"29","938"
"29","939"
"29","942"
"29","943"
"29","944"
"29","946"
"29","947"
"29","949"
"29","950"
"29","951"
"29","953"
"29","954"
"29","955"
"29","956"
"29","957"
"29","958"
"29","959"
"30","960"
"30","962"
"30","963"
"30","964"
"30","965"
"30","966"
"30","967"
"30","969"
"30","970"
"30","971"
"30","974"
"30","975"
"30","976"
"30","977"
"30","978"
"30","979"
"30","980"
"30","981"
"30","983"
"30","985"
"30","986"
"30","987"
"30","988"
"30","989"
"30","991"
"30","993"
"31","995"
"31","996"
"31","998"
